{"calories":3892.7635999999998,"fat":108.13232222222221,"carbs":486.59544999999997,"protein":243.29772499999999,"user_id":737802}